Idade,Nota
26,5.058595474025385
32,4.574901426697881
18,6.535014107362809
44,5.171132915081413
37,7.879389234223816
47,6.608686812605857
19,5.865112218866148
44,9.037475692501992
50,5.8941356251412
23,7.174814405266748
