Idade,Nota
27,7.609137295345915
26,7.0129909467316205
51,4.962334378669249
38,5.889805714303552
24,6.8617918904228725
54,7.822508876548177
51,7.724798498235594
33,7.60428370448066
51,4.95511495473103
39,9.08457017581151
